<?xml version="1.0" encoding="UTF-8"?>
<sql-script>
  <version>1.0.0</version>
  <name>script</name>
  <description></description>
  <tran-sql>
    <![CDATA[
      create table sf_msg_p2p (
        id char(32) not null,
        domainid char(32),
        messagemark int not null,
        createdate timestamp not null,
        fromid char(32),
        category varchar(32),
        topic varchar(128) not null,     
        content clob,
        tousers varchar(128),
        userid char(32),
        sentdate timestamp,
        readdate timestamp,
        primary key(id)
      );
    ]]>
  </tran-sql>
  <tran-sql>
    <![CDATA[
      create table sf_msg_p2plog (
        id char(32) not null,
        domainid char(32),
        messagemark int not null,
        createdate timestamp not null,
        fromId char(32),
        category varchar(32),
        topic varchar(128) not null,     
        content clob not null,
        tousers varchar(128),
        userid char(32),
        messagesendto tinyint not null,
        primary key(id)
      );
    ]]>
  </tran-sql> 
  <tran-sql>
    <![CDATA[
      create table sf_msg_subscribe (
        id char(32) not null,
        domainid char(32),
        messagemark int not null,
        createdate timestamp not null,
        category varchar(32),
        fromId char(32),
        topic varchar(128) not null,  
        content clob not null,
        primary key(id)
      );
    ]]>
  </tran-sql>
  <tran-sql>
    <![CDATA[
      create table sf_msg_subscribe_read (
        id char(32) not null,
        messageId char(32) not null,
        userid char(32) not null,
        readdate timestamp,
        deletedate timestamp,
        primary key(id)
      );
    ]]>
  </tran-sql> 
</sql-script>
