<?xml version="1.0" encoding="UTF-8"?>
<sql-script>
  <version>1.0.0</version>
  <name>script</name>
  <description></description>
  <tran-sql>
    <![CDATA[
      create table sf_msg_p2p (
        id char(32) not null,
        messagemark number(11) not null,        
        createdate timestamp not null,
        fromid char(32),
        category number(11) not null,
        topic varchar2(128 char) not null,
        content clob not null,        
        tousers varchar2(128 char),
        userid char(32),
        readdate timestamp,
        messagestatus number(4) not null,
        primary key(id)
      );
    ]]>
  </tran-sql>  
  <tran-sql>
    <![CDATA[
      create table sf_msg_p2plog (
        id char(32) not null,
        messagemark number(11) not null,        
        createdate timestamp not null,
        fromid char(32),
        category number(11) not null,
        topic varchar2(128 char) not null,
        content clob not null,        
        tousers varchar2(128 char),
        userid char(32),
        messagesendto number(4) not null,
        primary key(id)
      );
    ]]>
  </tran-sql> 
  <tran-sql>
    <![CDATA[
      create table sf_msg_subscribe (
        id char(32) not null,
        messagemark number(11) not null,    
        createdate timestamp not null,
        category number(11) not null,
        fromid char(32),
        topic varchar2(128 char) not null,
        content clob not null,
        primary key(id)
      );
    ]]>
  </tran-sql>
  <tran-sql>
    <![CDATA[
      create table sf_msg_subscribe_read (
        id char(32) not null,
        messageId char(32) not null,
        userid char(32) not null,
        readdate timestamp,
        deletedate timestamp,
        primary key(id)
      );
    ]]>
  </tran-sql>
</sql-script>
